{"cameraMode":{"drawMode":0,"name":"Shaded","section":"Shading Mode"},"sceneLighting":false,"audioPlay":false,"sceneViewState":{"showFog":true,"showMaterialUpdate":false,"showSkybox":false,"showFlares":true,"showImageEffects":true,"showParticleSystems":true},"in2DMode":false,"pivot":{"x":-1.3953874111175538,"y":-0.7020905017852783,"z":-18.86170196533203},"rotation":{"x":0.005905951373279095,"y":0.948967695236206,"z":-0.31489795446395876,"w":0.017637602984905244},"size":11.215584754943848,"orthographic":true}