{"cameraMode":{"drawMode":0,"name":"Shaded","section":"Shading Mode"},"sceneLighting":true,"audioPlay":false,"sceneViewState":{"showFog":true,"showMaterialUpdate":false,"showSkybox":true,"showFlares":true,"showImageEffects":true,"showParticleSystems":true},"in2DMode":false,"pivot":{"x":-4.48342752456665,"y":1.0996310710906983,"z":-1.1365258693695069},"rotation":{"x":-0.17135658860206605,"y":0.2519652247428894,"z":-0.04537149518728256,"w":-0.9513801336288452},"size":15.599596977233887,"orthographic":true}