{"cameraMode":{"drawMode":0,"name":"Shaded","section":"Shading Mode"},"sceneLighting":false,"audioPlay":false,"sceneViewState":{"showFog":true,"showMaterialUpdate":false,"showSkybox":false,"showFlares":true,"showImageEffects":true,"showParticleSystems":true},"in2DMode":false,"pivot":{"x":0.053199708461761478,"y":2.6802003383636476,"z":-13.754701614379883},"rotation":{"x":0.0010809025261551142,"y":0.9982742071151733,"z":-0.055460985749959949,"w":0.01946837827563286},"size":9.376157760620118,"orthographic":true}