{"cameraMode":{"drawMode":0,"name":"Shaded","section":"Shading Mode"},"sceneLighting":true,"audioPlay":false,"sceneViewState":{"showFog":true,"showMaterialUpdate":false,"showSkybox":true,"showFlares":true,"showImageEffects":true,"showParticleSystems":true},"in2DMode":false,"pivot":{"x":-1.10498046875,"y":10.20849609375,"z":14.732666015625},"rotation":{"x":0.1567297726869583,"y":0.8299856781959534,"z":-0.28847041726112368,"w":0.4509415328502655},"size":3.9225924015045168,"orthographic":true}