{"cameraMode":{"drawMode":0,"name":"Shaded","section":"Shading Mode"},"sceneLighting":true,"audioPlay":false,"sceneViewState":{"showFog":true,"showMaterialUpdate":false,"showSkybox":true,"showFlares":true,"showImageEffects":true,"showParticleSystems":true},"in2DMode":false,"pivot":{"x":5.488437175750732,"y":0.5855274796485901,"z":9.08505630493164},"rotation":{"x":0.19254238903522492,"y":0.2830205261707306,"z":-0.058115988969802859,"w":0.9378035664558411},"size":4.708444118499756,"orthographic":true}