{"cameraMode":{"drawMode":0,"name":"Shaded","section":"Shading Mode"},"sceneLighting":true,"audioPlay":false,"sceneViewState":{"showFog":true,"showMaterialUpdate":false,"showSkybox":true,"showFlares":true,"showImageEffects":true,"showParticleSystems":true},"in2DMode":false,"pivot":{"x":13.66443920135498,"y":-4.8497114181518559,"z":2.127244234085083},"rotation":{"x":-0.1870538890361786,"y":-0.8074746131896973,"z":0.3398807644844055,"w":-0.4443890452384949},"size":11.267193794250489,"orthographic":false}