{"cameraMode":{"drawMode":0,"name":"Shaded","section":"Shading Mode"},"sceneLighting":false,"audioPlay":false,"sceneViewState":{"showFog":true,"showMaterialUpdate":false,"showSkybox":false,"showFlares":true,"showImageEffects":true,"showParticleSystems":true},"in2DMode":false,"pivot":{"x":-1.698282241821289,"y":-0.04134690761566162,"z":-4.133337020874023},"rotation":{"x":0.031173361465334894,"y":0.9635414481163025,"z":-0.12940262258052827,"w":0.23211896419525147},"size":3.059176445007324,"orthographic":true}