{"cameraMode":{"drawMode":0,"name":"Shaded","section":"Shading Mode"},"sceneLighting":true,"audioPlay":false,"sceneViewState":{"showFog":true,"showMaterialUpdate":false,"showSkybox":true,"showFlares":true,"showImageEffects":true,"showParticleSystems":true},"in2DMode":false,"pivot":{"x":13.167984008789063,"y":3.3388867378234865,"z":7.64453125},"rotation":{"x":0.04541664570569992,"y":0.9412482976913452,"z":-0.1408119797706604,"w":0.3035846948623657},"size":7.968293190002441,"orthographic":true}