{"cameraMode":{"drawMode":0,"name":"Shaded","section":"Shading Mode"},"sceneLighting":true,"audioPlay":false,"sceneViewState":{"showFog":true,"showMaterialUpdate":false,"showSkybox":true,"showFlares":true,"showImageEffects":true,"showParticleSystems":true},"in2DMode":false,"pivot":{"x":0.6608383059501648,"y":4.9758405685424809,"z":-5.265517234802246},"rotation":{"x":0.01287397276610136,"y":-0.6988967061042786,"z":0.0125799011439085,"w":0.7150139808654785},"size":2.436300754547119,"orthographic":true}