{"cameraMode":{"drawMode":0,"name":"Shaded","section":"Shading Mode"},"sceneLighting":true,"audioPlay":false,"sceneViewState":{"showFog":true,"showMaterialUpdate":false,"showSkybox":true,"showFlares":true,"showImageEffects":true,"showParticleSystems":true},"in2DMode":false,"pivot":{"x":8.699044227600098,"y":4.4921417236328129,"z":2.124741554260254},"rotation":{"x":-0.0037296356167644264,"y":0.9500130414962769,"z":0.01140567660331726,"w":0.312081903219223},"size":2.2975902557373049,"orthographic":false}