{"cameraMode":{"drawMode":0,"name":"Shaded","section":"Shading Mode"},"sceneLighting":true,"audioPlay":false,"sceneViewState":{"showFog":true,"showMaterialUpdate":false,"showSkybox":false,"showFlares":true,"showImageEffects":true,"showParticleSystems":true},"in2DMode":false,"pivot":{"x":-40.61000061035156,"y":-5.617783546447754,"z":66.1663818359375},"rotation":{"x":0.009931077249348164,"y":0.9686673879623413,"z":-0.03925212472677231,"w":0.24506863951683045},"size":0.48590874671936037,"orthographic":false}