{"cameraMode":{"drawMode":0,"name":"Shaded","section":"Shading Mode"},"sceneLighting":false,"audioPlay":false,"sceneViewState":{"showFog":true,"showMaterialUpdate":false,"showSkybox":false,"showFlares":true,"showImageEffects":true,"showParticleSystems":true},"in2DMode":false,"pivot":{"x":22.387676239013673,"y":3.319628953933716,"z":46.24120330810547},"rotation":{"x":0.33540770411491396,"y":-0.4333527684211731,"z":0.17782709002494813,"w":0.8173677921295166},"size":3.066197156906128,"orthographic":true}