{"cameraMode":{"drawMode":0,"name":"Shaded","section":"Shading Mode"},"sceneLighting":false,"audioPlay":false,"sceneViewState":{"showFog":true,"showMaterialUpdate":false,"showSkybox":false,"showFlares":true,"showImageEffects":true,"showParticleSystems":true},"in2DMode":false,"pivot":{"x":507.54998779296877,"y":344.8399963378906,"z":31.46500015258789},"rotation":{"x":-0.013235163874924183,"y":-0.9652324318885803,"z":0.2562560737133026,"w":-0.04985205829143524},"size":2053.43505859375,"orthographic":true}