{"cameraMode":{"drawMode":0,"name":"Shaded","section":"Shading Mode"},"sceneLighting":true,"audioPlay":false,"sceneViewState":{"showFog":true,"showMaterialUpdate":false,"showSkybox":true,"showFlares":true,"showImageEffects":true,"showParticleSystems":true},"in2DMode":false,"pivot":{"x":-9.591585159301758,"y":2.9497666358947756,"z":3.391442060470581},"rotation":{"x":0.002438364317640662,"y":-0.9860183000564575,"z":0.1660105139017105,"w":0.014493636786937714},"size":4.159934043884277,"orthographic":true}