{"cameraMode":{"drawMode":0,"name":"Shaded","section":"Shading Mode"},"sceneLighting":true,"audioPlay":false,"sceneViewState":{"showFog":true,"showMaterialUpdate":false,"showSkybox":true,"showFlares":true,"showImageEffects":true,"showParticleSystems":true},"in2DMode":false,"pivot":{"x":2.510693311691284,"y":4.748101234436035,"z":1.046114444732666},"rotation":{"x":-0.001795036718249321,"y":0.9787019491195679,"z":0.008515668101608754,"w":0.20516321063041688},"size":1.675708532333374,"orthographic":false}