{"cameraMode":{"drawMode":0,"name":"Shaded","section":"Shading Mode"},"sceneLighting":true,"audioPlay":false,"sceneViewState":{"showFog":true,"showMaterialUpdate":false,"showSkybox":true,"showFlares":true,"showImageEffects":true,"showParticleSystems":true},"in2DMode":false,"pivot":{"x":-0.654052734375,"y":2.177490234375,"z":-7.97314453125},"rotation":{"x":0.11245325207710266,"y":0.2172612100839615,"z":-0.025205573067069055,"w":0.9692896008491516},"size":3.626152753829956,"orthographic":true}